Player,Team,,,Season,,,,,,MP,,,,,,,,,,,,,,,,,,,,,,,,,USG%,,,,,,,,,TS%,,,,,,,,,,,,,,,,,,,,,,,,,,,,,,,,
Zizic A.,Besiktas JK,BC Lietkabelis,EuroCup,2025-2026,01/10/2025,1,REGULAR SEASON,A,L,19,6,2,4,50.00%,0,0,0.00%,2,4,50.00%,2,3,66.70%,0,3,3,0,2,0,0,1,7,-5,7,21.90%,0.857,108.6,134.4,-25.8,52.1,137.9,-85.8,50.00%,60.00%,14.30%,2,42.90%,0.67,0.00%,0,0.00%,0,0.00%,0,14.30%,28.60%,0.00%,28.60%,0.00%,0.00%,0.00%,0.00%,0.00%,0.00%,0.00%,0.00%,0.00%,23.10%,11.10%,50.00%,0.00%,11.10%,0.00%,0.00%,0.00%,0.00%
Zizic A.,Virtus Bologna,FC Barcelona,Euroleague,2024-2025,11/04/2025,34,REGULAR SEASON,A,L,15,12,6,8,75.00%,0,0,0.00%,6,8,75.00%,0,0,0.00%,2,2,4,0,1,0,0,0,0,-3,9,29.00%,1.333,139.3,144.8,-5.5,136,139.9,-3.9,75.00%,75.00%,11.10%,2,77.80%,1.43,0.00%,0,0.00%,0,0.00%,0,0.00%,11.10%,11.10%,0.00%,0.00%,0.00%,0.00%,0.00%,0.00%,22.20%,28.60%,0.00%,0.00%,16.70%,12.50%,33.30%,0.00%,19.00%,0.00%,0.00%,0.00%,0.00%
Zizic A.,Virtus Bologna,Olimpia Milano,Euroleague,2024-2025,04/04/2025,33,REGULAR SEASON,H,W,14,13,5,7,71.40%,0,0,0.00%,5,7,71.40%,3,3,100.00%,2,1,3,0,0,0,0,2,3,8,8,28.60%,1.625,165.2,130.4,34.8,184.3,132.6,51.7,71.40%,81.30%,37.50%,2,50.00%,1,0.00%,0,0.00%,0,0.00%,0,12.50%,0.00%,0.00%,0.00%,0.00%,0.00%,0.00%,0.00%,0.00%,18.20%,25.00%,16.70%,0.00%,11.10%,0.00%,25.00%,0.00%,15.00%,0.00%,0.00%,0.00%,0.00%
Zizic A.,Virtus Bologna,ALBA Berlin,Euroleague,2024-2025,28/03/2025,32,REGULAR SEASON,A,W,15,13,6,7,85.70%,0,0,0.00%,6,7,85.70%,1,2,50.00%,0,3,3,0,1,0,1,3,1,3,9,32.10%,1.444,122.2,111.1,11.1,101.6,88.2,13.4,85.70%,81.30%,66.70%,1.67,11.10%,2,0.00%,0,0.00%,0,0.00%,0,11.10%,11.10%,11.10%,0.00%,0.00%,0.00%,0.00%,0.00%,0.00%,0.00%,0.00%,0.00%,0.00%,11.50%,20.00%,7.10%,0.00%,9.10%,0.00%,2.90%,0.00%,5.90%
Zizic A.,Virtus Bologna,KK Crvena zvezda,Euroleague,2024-2025,26/03/2025,31,REGULAR SEASON,A,L,3,1,0,0,0.00%,0,0,0.00%,0,0,0.00%,1,2,50.00%,0,1,1,0,1,0,0,0,1,-8,2,50.00%,0.5,25,180,-155,0,147.9,-147.9,0.00%,50.00%,0.00%,0,0.00%,0,0.00%,0,0.00%,0,0.00%,0,50.00%,50.00%,0.00%,50.00%,0.00%,0.00%,0.00%,0.00%,0.00%,0.00%,0.00%,0.00%,0.00%,50.00%,50.00%,0.00%,0.00%,25.00%,0.00%,0.00%,0.00%,0.00%
Zizic A.,Virtus Bologna,Maccabi Tel Aviv BC,Euroleague,2024-2025,20/03/2025,30,REGULAR SEASON,A,L,22,11,4,9,44.40%,0,0,0.00%,4,9,44.40%,3,4,75.00%,8,4,12,1,2,0,0,2,2,6,13,24.50%,0.846,107.3,90.5,16.8,112.5,91.6,20.9,44.40%,50.00%,15.40%,1,53.80%,0.86,0.00%,0,0.00%,0,0.00%,0,15.40%,15.40%,7.70%,7.70%,7.70%,0.00%,0.00%,33.30%,10.00%,29.60%,30.80%,30.80%,0.00%,20.00%,20.00%,11.10%,100.00%,25.50%,0.00%,0.00%,0.00%,0.00%
Zizic A.,Virtus Bologna,Real Madrid,Euroleague,2024-2025,13/03/2025,29,REGULAR SEASON,H,L,8,4,2,2,100.00%,0,0,0.00%,2,2,100.00%,0,0,0.00%,0,1,1,1,0,0,0,1,1,-13,2,12.50%,2,78.6,171.4,-92.8,233.3,146.8,86.5,100.00%,100.00%,50.00%,2,50.00%,2,0.00%,0,0.00%,0,0.00%,0,0.00%,0.00%,0.00%,0.00%,0.00%,0.00%,100.00%,0.00%,10.00%,0.00%,0.00%,0.00%,0.00%,16.70%,50.00%,0.00%,0.00%,6.70%,0.00%,0.00%,0.00%,0.00%
Zizic A.,Virtus Bologna,Anadolu Efes Istanbul,Euroleague,2024-2025,07/03/2025,28,REGULAR SEASON,A,L,16,5,1,3,33.30%,0,0,0.00%,1,3,33.30%,3,6,50.00%,0,2,2,1,1,0,0,2,3,-9,7,21.20%,0.714,118.5,151.9,-33.4,68.8,138.6,-69.8,33.30%,41.70%,14.30%,0,28.60%,1,0.00%,0,0.00%,0,0.00%,0,42.90%,14.30%,0.00%,14.30%,14.30%,0.00%,33.30%,0.00%,10.00%,0.00%,0.00%,0.00%,0.00%,15.40%,0.00%,40.00%,0.00%,6.70%,0.00%,0.00%,0.00%,0.00%
Zizic A.,Virtus Bologna,Olympiacos Piraeus,Euroleague,2024-2025,28/02/2025,27,REGULAR SEASON,H,L,15,6,3,5,60.00%,0,0,0.00%,3,5,60.00%,0,0,0.00%,0,0,0,1,0,1,1,1,1,-22,5,16.70%,1.2,50,128.6,-78.6,91.9,112.3,-20.4,60.00%,60.00%,20.00%,2,80.00%,1,0.00%,0,0.00%,0,0.00%,0,0.00%,0.00%,0.00%,0.00%,50.00%,0.00%,0.00%,50.00%,10.00%,0.00%,0.00%,0.00%,0.00%,0.00%,0.00%,0.00%,0.00%,0.00%,3.60%,3.20%,4.30%,0.00%
Zizic A.,Virtus Bologna,ASVEL Villeurbanne,Euroleague,2024-2025,27/12/2024,18,REGULAR SEASON,H,W,11,2,1,2,50.00%,0,0,0.00%,1,2,50.00%,0,0,0.00%,0,1,1,1,0,0,1,0,0,7,2,10.50%,1,122.2,83.3,38.9,53,82.9,-29.9,50.00%,50.00%,50.00%,2,50.00%,0,0.00%,0,0.00%,0,0.00%,0,0.00%,0.00%,0.00%,0.00%,33.30%,0.00%,0.00%,100.00%,10.00%,0.00%,0.00%,0.00%,0.00%,14.30%,0.00%,33.30%,0.00%,7.10%,0.00%,8.30%,0.00%,20.00%
Zizic A.,Virtus Bologna,FC Barcelona,Euroleague,2024-2025,20/12/2024,17,REGULAR SEASON,H,W,23,12,6,10,60.00%,0,0,0.00%,6,10,60.00%,0,0,0.00%,8,3,11,0,3,0,0,1,1,-2,13,25.50%,0.923,118.9,124.3,-5.4,107.7,113.2,-5.5,60.00%,60.00%,0.00%,0,69.20%,1.11,7.70%,2,0.00%,0,0.00%,0,0.00%,23.10%,7.70%,15.40%,0.00%,0.00%,0.00%,0.00%,0.00%,32.00%,33.30%,30.80%,0.00%,14.30%,9.10%,20.00%,0.00%,23.90%,0.00%,0.00%,0.00%,0.00%
Zizic A.,Virtus Bologna,Olympiacos Piraeus,Euroleague,2024-2025,18/12/2024,16,REGULAR SEASON,A,L,28,8,4,5,80.00%,0,0,0.00%,4,5,80.00%,0,0,0.00%,2,5,7,2,2,0,1,2,0,-17,7,13.00%,1.143,105.9,144.9,-39,134.5,129.7,4.8,80.00%,80.00%,14.30%,2,28.60%,2,28.60%,1,0.00%,0,0.00%,0,0.00%,28.60%,28.60%,0.00%,11.80%,0.00%,28.60%,0.00%,18.20%,8.00%,14.30%,0.00%,0.00%,22.70%,30.80%,12.50%,0.00%,14.90%,0.00%,2.10%,3.60%,0.00%
Zizic A.,Virtus Bologna,Baskonia Vitoria-Gasteiz,Euroleague,2024-2025,12/12/2024,15,REGULAR SEASON,A,W,16,9,4,5,80.00%,0,0,0.00%,4,5,80.00%,1,2,50.00%,4,2,6,0,1,0,0,0,1,6,7,19.40%,1.286,110,96.4,13.6,136.2,92.3,43.9,80.00%,75.00%,14.30%,2,57.10%,1.5,0.00%,0,0.00%,0,0.00%,0,14.30%,14.30%,0.00%,14.30%,0.00%,0.00%,0.00%,0.00%,0.00%,28.60%,30.00%,33.30%,0.00%,16.70%,0.00%,20.00%,0.00%,23.10%,0.00%,0.00%,0.00%,0.00%
Zizic A.,Virtus Bologna,KK Crvena zvezda,Euroleague,2024-2025,06/12/2024,14,REGULAR SEASON,H,L,14,10,5,6,83.30%,0,0,0.00%,5,6,83.30%,0,0,0.00%,2,0,2,0,1,0,1,4,0,-4,7,25.00%,1.429,104,120,-16,139.9,111.6,28.3,83.30%,83.30%,14.30%,2,71.40%,1.6,0.00%,0,0.00%,0,0.00%,0,0.00%,14.30%,0.00%,14.30%,0.00%,0.00%,0.00%,0.00%,0.00%,18.20%,28.60%,0.00%,0.00%,0.00%,0.00%,0.00%,0.00%,9.50%,0.00%,5.00%,6.70%,0.00%
Zizic A.,Virtus Bologna,ALBA Berlin,Euroleague,2024-2025,04/12/2024,13,REGULAR SEASON,H,L,17,13,6,7,85.70%,0,0,0.00%,6,7,85.70%,1,3,33.30%,2,0,2,0,1,1,2,2,3,-4,9,24.30%,1.444,100,108.8,-8.8,132.9,100.2,32.7,85.70%,81.30%,22.20%,2,55.60%,1.6,0.00%,0,0.00%,0,0.00%,0,11.10%,11.10%,11.10%,0.00%,0.00%,0.00%,0.00%,0.00%,0.00%,14.30%,20.00%,0.00%,100.00%,0.00%,0.00%,0.00%,0.00%,6.70%,2.90%,6.90%,10.50%,0.00%
Zizic A.,Virtus Bologna,Paris Basketball,Euroleague,2024-2025,28/11/2024,12,REGULAR SEASON,A,L,21,9,3,7,42.90%,0,0,0.00%,3,7,42.90%,3,4,75.00%,2,0,2,0,1,1,2,1,3,-8,10,22.70%,0.9,100,114.3,-14.3,92.1,104,-11.9,42.90%,50.00%,10.00%,2,60.00%,0.67,0.00%,0,0.00%,0,0.00%,0,20.00%,10.00%,0.00%,10.00%,0.00%,0.00%,0.00%,0.00%,0.00%,8.70%,20.00%,0.00%,0.00%,0.00%,0.00%,0.00%,0.00%,4.50%,2.40%,5.10%,10.00%,0.00%
Zizic A.,Virtus Bologna,Fenerbahçe SK,Euroleague,2024-2025,20/11/2024,11,REGULAR SEASON,H,L,28,18,6,7,85.70%,0,0,0.00%,6,7,85.70%,6,8,75.00%,1,3,4,0,1,0,0,1,5,-1,12,19.40%,1.5,107.4,111.3,-3.9,121,106.7,14.3,85.70%,81.80%,8.30%,2,50.00%,1.67,0.00%,0,0.00%,0,0.00%,0,33.30%,8.30%,0.00%,8.30%,0.00%,0.00%,0.00%,0.00%,0.00%,4.00%,11.10%,0.00%,0.00%,11.50%,20.00%,0.00%,0.00%,7.80%,0.00%,0.00%,0.00%,0.00%
Zizic A.,Virtus Bologna,Panathinaikos Athlitikos Omilos,Euroleague,2024-2025,15/11/2024,10,REGULAR SEASON,H,L,13,7,3,5,60.00%,0,0,0.00%,3,5,60.00%,1,2,50.00%,0,0,0,0,0,0,0,1,2,5,6,21.40%,1.167,120.8,100,20.8,98.5,107,-8.5,60.00%,58.30%,33.30%,0,50.00%,2,0.00%,0,0.00%,0,0.00%,0,16.70%,0.00%,0.00%,0.00%,0.00%,0.00%,0.00%,0.00%,0.00%,0.00%,0.00%,0.00%,0.00%,0.00%,0.00%,0.00%,0.00%,0.00%,0.00%,0.00%,0.00%,0.00%
Zizic A.,Virtus Bologna,Real Madrid,Euroleague,2024-2025,12/11/2024,9,REGULAR SEASON,A,L,24,8,4,7,57.10%,0,0,0.00%,4,7,57.10%,0,0,0.00%,1,6,7,0,1,1,2,2,0,-7,8,18.60%,1,131.7,145.2,-13.5,82.6,122.4,-39.8,57.10%,57.10%,25.00%,2,50.00%,0.5,12.50%,2,0.00%,0,0.00%,0,0.00%,12.50%,0.00%,12.50%,0.00%,0.00%,0.00%,0.00%,0.00%,6.30%,10.00%,0.00%,0.00%,35.30%,28.60%,33.30%,100.00%,21.20%,2.40%,4.90%,9.10%,0.00%
Zizic A.,Virtus Bologna,Maccabi Tel Aviv BC,Euroleague,2024-2025,08/11/2024,8,REGULAR SEASON,H,W,29,14,6,12,50.00%,0,0,0.00%,6,12,50.00%,2,3,66.70%,7,2,9,1,1,4,2,1,5,11,14,22.60%,1,138.8,121.3,17.5,123.6,99.1,24.5,50.00%,53.80%,57.10%,1.25,28.60%,0.5,0.00%,0,0.00%,0,0.00%,0,7.10%,7.10%,7.10%,0.00%,4.30%,7.10%,0.00%,0.00%,10.00%,31.80%,41.70%,22.20%,0.00%,11.10%,15.40%,0.00%,0.00%,22.50%,8.50%,4.70%,6.30%,0.00%
Zizic A.,Virtus Bologna,Olimpia Milano,Euroleague,2024-2025,31/10/2024,7,REGULAR SEASON,A,L,4,2,1,1,100.00%,0,0,0.00%,1,1,100.00%,0,0,0.00%,1,1,2,0,0,0,0,0,1,-7,1,10.00%,2,77.8,175,-97.2,204.2,161,43.2,100.00%,100.00%,0.00%,0,100.00%,2,0.00%,0,0.00%,0,0.00%,0,0.00%,0.00%,0.00%,0.00%,0.00%,0.00%,0.00%,0.00%,0.00%,33.30%,0.00%,50.00%,0.00%,50.00%,50.00%,0.00%,0.00%,40.00%,0.00%,0.00%,0.00%,0.00%
Zizic A.,Virtus Bologna,KK Partizan,Euroleague,2024-2025,23/10/2024,5,REGULAR SEASON,A,W,16,4,1,4,25.00%,0,0,0.00%,1,4,25.00%,2,2,100.00%,3,1,4,0,1,0,0,3,1,-6,6,16.20%,0.667,107.4,134.6,-27.2,76.4,130.5,-54.1,25.00%,40.00%,50.00%,0.67,16.70%,0,0.00%,0,0.00%,0,0.00%,0,16.70%,16.70%,0.00%,16.70%,0.00%,0.00%,0.00%,0.00%,0.00%,14.30%,11.10%,18.20%,0.00%,12.50%,0.00%,33.30%,0.00%,13.80%,0.00%,0.00%,0.00%,0.00%
Zizic A.,Virtus Bologna,AS Monaco Basket,Euroleague,2024-2025,18/10/2024,4,REGULAR SEASON,A,L,16,9,4,6,66.70%,0,0,0.00%,4,6,66.70%,1,2,50.00%,1,4,5,0,0,0,1,1,2,-8,7,21.20%,1.286,131,158.6,-27.6,121,135.7,-14.7,66.70%,64.30%,28.60%,2,57.10%,1,0.00%,0,0.00%,0,0.00%,0,14.30%,0.00%,0.00%,0.00%,0.00%,0.00%,0.00%,0.00%,0.00%,7.70%,14.30%,0.00%,0.00%,26.70%,44.40%,0.00%,0.00%,17.90%,0.00%,3.20%,5.30%,0.00%
Zizic A.,Virtus Bologna,BC Zalgiris,Euroleague,2024-2025,15/10/2024,3,REGULAR SEASON,H,L,7,0,0,2,0.00%,0,0,0.00%,0,2,0.00%,0,0,0.00%,0,2,2,0,0,0,0,1,0,-9,2,14.30%,0,61.5,141.7,-80.2,0,141.7,-141.7,0.00%,0.00%,0.00%,0,100.00%,0,0.00%,0,0.00%,0,0.00%,0,0.00%,0.00%,0.00%,0.00%,0.00%,0.00%,0.00%,0.00%,0.00%,0.00%,0.00%,0.00%,0.00%,66.70%,100.00%,50.00%,0.00%,18.20%,0.00%,0.00%,0.00%,0.00%
Zizic A.,Virtus Bologna,ASVEL Villeurbanne,Euroleague,2024-2025,10/10/2024,2,REGULAR SEASON,A,L,17,4,2,3,66.70%,0,0,0.00%,2,3,66.70%,0,0,0.00%,0,0,0,0,1,0,1,0,1,-13,4,12.10%,1,117.2,162.1,-44.9,70.7,134.3,-63.6,66.70%,66.70%,75.00%,1.33,0.00%,0,0.00%,0,0.00%,0,0.00%,0,0.00%,25.00%,25.00%,0.00%,0.00%,0.00%,0.00%,0.00%,0.00%,0.00%,0.00%,0.00%,0.00%,0.00%,0.00%,0.00%,0.00%,0.00%,0.00%,3.00%,4.20%,0.00%
Zizic A.,Virtus Bologna,Anadolu Efes Istanbul,Euroleague,2024-2025,04/10/2024,1,REGULAR SEASON,H,L,21,7,3,4,75.00%,0,0,0.00%,3,4,75.00%,1,2,50.00%,1,4,5,0,1,0,1,2,3,3,6,15.00%,1.167,100,97.2,2.8,90.6,85.1,5.5,75.00%,70.00%,16.70%,2,50.00%,1.33,0.00%,0,0.00%,0,0.00%,0,16.70%,16.70%,0.00%,16.70%,0.00%,0.00%,0.00%,0.00%,0.00%,6.70%,12.50%,0.00%,0.00%,17.40%,27.30%,9.10%,0.00%,13.20%,0.00%,2.70%,4.30%,0.00%
Zizic A.,Virtus Bologna,Baskonia Vitoria-Gasteiz,Euroleague,2023-2024,19/04/2024,36,PLAY-IN,A,L,12,4,2,3,66.70%,0,0,0.00%,2,3,66.70%,0,1,0.00%,0,1,1,0,1,0,0,0,1,2,4,16.00%,1,131.8,128.6,3.2,70.5,123.5,-53,66.70%,66.70%,25.00%,2,50.00%,1,0.00%,0,0.00%,0,0.00%,0,0.00%,25.00%,0.00%,25.00%,0.00%,0.00%,0.00%,0.00%,0.00%,0.00%,0.00%,0.00%,0.00%,8.30%,20.00%,0.00%,0.00%,4.80%,0.00%,0.00%,0.00%,0.00%
Zizic A.,Virtus Bologna,Anadolu Efes Istanbul,Euroleague,2023-2024,16/04/2024,35,PLAY-IN,A,W,12,4,2,4,50.00%,0,0,0.00%,2,4,50.00%,0,0,0.00%,2,1,3,1,2,0,2,2,0,5,6,22.20%,0.667,115,94.7,20.3,83.6,88,-4.4,50.00%,50.00%,50.00%,1.33,16.70%,0,0.00%,0,0.00%,0,0.00%,0,0.00%,33.30%,16.70%,16.70%,33.30%,0.00%,20.00%,0.00%,10.00%,14.30%,28.60%,0.00%,0.00%,7.10%,12.50%,0.00%,0.00%,10.70%,0.00%,9.50%,7.10%,0.00%
Zizic A.,Virtus Bologna,Baskonia Vitoria-Gasteiz,Euroleague,2023-2024,12/04/2024,34,REGULAR SEASON,H,L,12,4,2,3,66.70%,0,0,0.00%,2,3,66.70%,0,0,0.00%,0,1,1,1,1,0,0,1,0,-9,4,15.40%,1,116.7,160.9,-44.2,76.1,151.4,-75.3,66.70%,66.70%,25.00%,2,50.00%,1,0.00%,0,0.00%,0,0.00%,0,0.00%,25.00%,0.00%,25.00%,14.30%,0.00%,0.00%,33.30%,10.00%,0.00%,0.00%,0.00%,0.00%,10.00%,0.00%,25.00%,0.00%,4.80%,0.00%,0.00%,0.00%,0.00%
Zizic A.,Virtus Bologna,Olimpia Milano,Euroleague,2023-2024,05/04/2024,33,REGULAR SEASON,A,L,11,5,2,3,66.70%,0,0,0.00%,2,3,66.70%,1,2,50.00%,3,2,5,0,0,0,0,2,2,-7,4,15.40%,1.25,85.7,125,-39.3,145,127.3,17.7,66.70%,62.50%,50.00%,1,25.00%,2,0.00%,0,0.00%,0,0.00%,0,25.00%,0.00%,0.00%,0.00%,0.00%,0.00%,0.00%,0.00%,0.00%,20.00%,33.30%,12.50%,0.00%,33.30%,66.70%,0.00%,0.00%,23.80%,0.00%,0.00%,0.00%,0.00%
Zizic A.,Virtus Bologna,Panathinaikos Athlitikos Omilos,Euroleague,2023-2024,29/03/2024,32,REGULAR SEASON,H,L,14,2,1,2,50.00%,0,0,0.00%,1,2,50.00%,0,1,0.00%,2,1,3,2,1,0,1,1,2,2,3,11.10%,0.667,133.3,118.2,15.1,131.1,109.8,21.3,50.00%,50.00%,0.00%,0,66.70%,1,0.00%,0,0.00%,0,0.00%,0,0.00%,33.30%,0.00%,33.30%,40.00%,33.30%,16.70%,0.00%,18.20%,15.40%,16.70%,20.00%,0.00%,11.10%,16.70%,0.00%,0.00%,13.60%,0.00%,5.00%,7.10%,0.00%
Zizic A.,Virtus Bologna,KK Crvena zvezda,Euroleague,2023-2024,22/03/2024,31,REGULAR SEASON,A,L,0,0,0,0,0.00%,0,0,0.00%,0,0,0.00%,0,0,0.00%,0,0,0,0,0,0,0,0,0,0,0,100.00%,0,0,0,0,0,0,0,0.00%,0.00%,0.00%,0,0.00%,0,0.00%,0,0.00%,0,0.00%,0,0.00%,0.00%,0.00%,0.00%,0.00%,0.00%,0.00%,0.00%,0.00%,0.00%,0.00%,0.00%,0.00%,0.00%,0.00%,0.00%,0.00%,0.00%,0.00%,0.00%,0.00%,0.00%
Zizic A.,Virtus Bologna,BC Zalgiris,Euroleague,2023-2024,19/03/2024,30,REGULAR SEASON,A,L,12,0,0,0,0.00%,0,0,0.00%,0,0,0.00%,0,0,0.00%,0,1,1,0,2,0,2,2,1,-3,2,9.10%,0,138.1,160,-21.9,0,157.7,-157.7,0.00%,0.00%,0.00%,0,0.00%,0,0.00%,0,0.00%,0,0.00%,0,0.00%,100.00%,0.00%,100.00%,0.00%,0.00%,0.00%,0.00%,0.00%,0.00%,0.00%,0.00%,0.00%,20.00%,20.00%,0.00%,0.00%,8.30%,0.00%,11.80%,14.30%,0.00%
Zizic A.,Virtus Bologna,Real Madrid,Euroleague,2023-2024,15/03/2024,29,REGULAR SEASON,H,L,20,8,4,5,80.00%,0,0,0.00%,4,5,80.00%,0,0,0.00%,1,2,3,1,0,1,0,1,0,-8,5,13.20%,1.6,90.9,118.8,-27.9,160.8,110.2,50.6,80.00%,80.00%,60.00%,2,40.00%,1,0.00%,0,0.00%,0,0.00%,0,0.00%,0.00%,0.00%,0.00%,11.10%,11.10%,0.00%,0.00%,10.00%,5.00%,8.30%,0.00%,0.00%,12.50%,16.70%,10.00%,0.00%,8.30%,3.10%,0.00%,0.00%,0.00%
Zizic A.,Virtus Bologna,Olympiacos Piraeus,Euroleague,2023-2024,07/03/2024,28,REGULAR SEASON,A,L,14,4,2,2,100.00%,0,0,0.00%,2,2,100.00%,0,0,0.00%,0,2,2,0,1,0,0,4,2,-2,3,12.50%,1.333,95.8,100,-4.2,100,100,0,100.00%,100.00%,66.70%,2,0.00%,0,0.00%,0,0.00%,0,0.00%,0,0.00%,33.30%,33.30%,0.00%,0.00%,0.00%,0.00%,0.00%,0.00%,0.00%,0.00%,0.00%,0.00%,15.40%,12.50%,25.00%,0.00%,9.50%,0.00%,0.00%,0.00%,0.00%
Zizic A.,Virtus Bologna,Valencia Basket,Euroleague,2023-2024,29/02/2024,27,REGULAR SEASON,H,W,8,4,1,2,50.00%,0,0,0.00%,1,2,50.00%,2,2,100.00%,0,2,2,0,0,0,0,0,1,0,3,17.60%,1.333,106.7,114.3,-7.6,128.3,109.7,18.6,50.00%,66.70%,0.00%,0,66.70%,1,0.00%,0,0.00%,0,0.00%,0,33.30%,0.00%,0.00%,0.00%,0.00%,0.00%,0.00%,0.00%,0.00%,0.00%,0.00%,0.00%,0.00%,25.00%,28.60%,0.00%,0.00%,11.80%,0.00%,0.00%,0.00%,0.00%
Zizic A.,Virtus Bologna,AS Monaco Basket,Euroleague,2023-2024,09/02/2024,26,REGULAR SEASON,H,L,7,0,0,0,0.00%,0,0,0.00%,0,0,0.00%,0,0,0.00%,0,1,1,0,0,0,0,2,1,-3,0,0.00%,0,100,133.3,-33.3,0,127.4,-127.4,0.00%,0.00%,0.00%,0,0.00%,0,0.00%,0,0.00%,0,0.00%,0,0.00%,0.00%,0.00%,0.00%,0.00%,0.00%,0.00%,0.00%,0.00%,0.00%,0.00%,0.00%,0.00%,20.00%,25.00%,0.00%,0.00%,11.10%,0.00%,0.00%,0.00%,0.00%
Zizic A.,Virtus Bologna,KK Partizan,Euroleague,2023-2024,02/02/2024,25,REGULAR SEASON,H,W,0,0,0,0,0.00%,0,0,0.00%,0,0,0.00%,0,0,0.00%,0,0,0,0,0,0,0,0,0,0,0,100.00%,0,0,0,0,0,0,0,0.00%,0.00%,0.00%,0,0.00%,0,0.00%,0,0.00%,0,0.00%,0,0.00%,0.00%,0.00%,0.00%,0.00%,0.00%,0.00%,0.00%,0.00%,0.00%,0.00%,0.00%,0.00%,0.00%,0.00%,0.00%,0.00%,0.00%,0.00%,0.00%,0.00%,0.00%
Zizic A.,Virtus Bologna,FC Barcelona,Euroleague,2023-2024,31/01/2024,24,REGULAR SEASON,A,L,16,2,1,5,20.00%,0,0,0.00%,1,5,20.00%,0,2,0.00%,3,0,3,2,0,0,2,1,2,-5,6,19.40%,0.333,92,107.7,-15.7,79.2,102.6,-23.4,20.00%,16.70%,33.30%,1,33.30%,0,16.70%,0,0.00%,0,0.00%,0,16.70%,0.00%,0.00%,0.00%,66.70%,25.00%,25.00%,0.00%,18.20%,16.70%,18.20%,16.70%,0.00%,0.00%,0.00%,0.00%,0.00%,8.80%,0.00%,7.10%,8.00%,0.00%
Zizic A.,Virtus Bologna,Fenerbahçe SK,Euroleague,2023-2024,25/01/2024,23,REGULAR SEASON,A,L,21,5,2,6,33.30%,0,0,0.00%,2,6,33.30%,1,3,33.30%,3,3,6,1,0,0,0,1,2,2,7,15.20%,0.714,107.5,105.1,2.4,109.5,107.5,2,33.30%,35.70%,28.60%,1,57.10%,0.5,0.00%,0,0.00%,0,0.00%,0,14.30%,0.00%,0.00%,0.00%,7.10%,0.00%,33.30%,0.00%,10.00%,15.00%,14.30%,33.30%,0.00%,20.00%,20.00%,12.50%,0.00%,17.10%,0.00%,0.00%,0.00%,0.00%
Zizic A.,Virtus Bologna,ASVEL Villeurbanne,Euroleague,2023-2024,18/01/2024,22,REGULAR SEASON,H,W,17,0,0,1,0.00%,0,0,0.00%,0,1,0.00%,0,0,0.00%,1,2,3,0,0,1,1,1,1,10,1,2.70%,0,116.1,83.9,32.2,73.5,79.5,-6,0.00%,0.00%,0.00%,0,100.00%,0,0.00%,0,0.00%,0,0.00%,0,0.00%,0.00%,0.00%,0.00%,0.00%,0.00%,0.00%,0.00%,0.00%,5.60%,0.00%,10.00%,0.00%,13.30%,14.30%,0.00%,100.00%,9.10%,3.20%,4.20%,7.10%,0.00%
Zizic A.,Virtus Bologna,Anadolu Efes Istanbul,Euroleague,2023-2024,12/01/2024,21,REGULAR SEASON,A,L,8,2,1,1,100.00%,0,0,0.00%,1,1,100.00%,0,0,0.00%,0,1,1,0,1,0,0,0,1,-2,2,14.30%,1,92.9,107.1,-14.2,66.7,84.5,-17.8,100.00%,100.00%,0.00%,0,50.00%,2,0.00%,0,0.00%,0,0.00%,0,0.00%,50.00%,50.00%,0.00%,0.00%,0.00%,0.00%,0.00%,0.00%,0.00%,0.00%,0.00%,0.00%,8.30%,0.00%,12.50%,0.00%,6.30%,0.00%,0.00%,0.00%,0.00%
Zizic A.,Virtus Bologna,Maccabi Tel Aviv BC,Euroleague,2023-2024,10/01/2024,20,REGULAR SEASON,A,L,14,8,4,5,80.00%,0,0,0.00%,4,5,80.00%,0,0,0.00%,1,4,5,0,1,0,0,2,2,7,6,20.00%,1.333,119.2,92.3,26.9,115.7,84.1,31.6,80.00%,80.00%,50.00%,2,33.30%,1,0.00%,0,0.00%,0,0.00%,0,0.00%,16.70%,16.70%,0.00%,0.00%,0.00%,0.00%,0.00%,0.00%,7.70%,16.70%,0.00%,0.00%,30.80%,33.30%,0.00%,0.00%,19.20%,0.00%,0.00%,0.00%,0.00%
Zizic A.,Virtus Bologna,ALBA Berlin,Euroleague,2023-2024,05/01/2024,19,REGULAR SEASON,A,W,13,7,3,5,60.00%,0,0,0.00%,3,5,60.00%,1,2,50.00%,1,1,2,1,1,0,1,4,2,7,7,24.10%,1,104.2,81.8,22.4,114.3,85.6,28.7,60.00%,58.30%,14.30%,0,57.10%,1.5,0.00%,0,0.00%,0,0.00%,0,14.30%,14.30%,0.00%,14.30%,20.00%,0.00%,0.00%,50.00%,10.00%,8.30%,20.00%,0.00%,0.00%,9.10%,0.00%,20.00%,0.00%,8.70%,0.00%,6.70%,11.10%,0.00%
Zizic A.,Virtus Bologna,FC Bayern Munich,Euroleague,2023-2024,03/01/2024,18,REGULAR SEASON,H,W,12,1,0,0,0.00%,0,0,0.00%,0,0,0.00%,1,2,50.00%,1,2,3,0,1,0,1,1,1,7,2,7.70%,0.5,147.8,128.6,19.2,83.3,123.9,-40.6,0.00%,50.00%,0.00%,0,0.00%,0,0.00%,0,0.00%,0,0.00%,0,50.00%,50.00%,0.00%,50.00%,0.00%,0.00%,0.00%,0.00%,0.00%,14.30%,25.00%,0.00%,0.00%,14.30%,16.70%,14.30%,0.00%,14.30%,0.00%,4.80%,12.50%,0.00%
Zizic A.,Anadolu Efes Istanbul,Fenerbahçe SK,Euroleague,2023-2024,28/12/2023,17,REGULAR SEASON,H,L,5,0,0,1,0.00%,0,0,0.00%,0,1,0.00%,0,0,0.00%,2,0,2,1,0,0,0,0,0,-6,1,9.10%,0,77.8,130,-52.2,145,114.5,30.5,0.00%,0.00%,100.00%,0,0.00%,0,0.00%,0,0.00%,0,0.00%,0,0.00%,0.00%,0.00%,0.00%,0.00%,0.00%,100.00%,0.00%,10.00%,28.60%,50.00%,0.00%,100.00%,0.00%,0.00%,0.00%,0.00%,16.70%,0.00%,0.00%,0.00%,0.00%
Zizic A.,Anadolu Efes Istanbul,Baskonia Vitoria-Gasteiz,Euroleague,2023-2024,22/12/2023,16,REGULAR SEASON,H,L,4,2,1,2,50.00%,0,0,0.00%,1,2,50.00%,0,0,0.00%,0,1,1,0,0,0,0,0,0,-1,2,28.60%,1,100,114.3,-14.3,66.7,103.2,-36.5,50.00%,50.00%,50.00%,2,50.00%,0,0.00%,0,0.00%,0,0.00%,0,0.00%,0.00%,0.00%,0.00%,0.00%,0.00%,0.00%,0.00%,0.00%,0.00%,0.00%,0.00%,0.00%,33.30%,0.00%,100.00%,0.00%,20.00%,0.00%,0.00%,0.00%,0.00%
Zizic A.,Anadolu Efes Istanbul,FC Bayern Munich,Euroleague,2023-2024,20/12/2023,15,REGULAR SEASON,A,L,3,0,0,0,0.00%,0,0,0.00%,0,0,0.00%,0,0,0.00%,0,1,1,0,1,0,0,0,0,-5,1,25.00%,0,50,140,-90,0,149.3,-149.3,0.00%,0.00%,0.00%,0,0.00%,0,0.00%,0,0.00%,0,0.00%,0,0.00%,100.00%,0.00%,100.00%,0.00%,0.00%,0.00%,0.00%,0.00%,0.00%,0.00%,0.00%,0.00%,50.00%,50.00%,0.00%,0.00%,25.00%,0.00%,0.00%,0.00%,0.00%
Zizic A.,Anadolu Efes Istanbul,KK Partizan,Euroleague,2023-2024,24/11/2023,10,REGULAR SEASON,H,W,20,12,4,5,80.00%,0,0,0.00%,4,5,80.00%,4,4,100.00%,1,0,1,0,1,3,0,4,5,1,8,20.00%,1.5,127.8,128.6,-0.8,133.5,105.7,27.8,80.00%,85.70%,25.00%,2,37.50%,1.33,0.00%,0,0.00%,0,0.00%,0,25.00%,12.50%,0.00%,12.50%,0.00%,0.00%,0.00%,0.00%,0.00%,8.30%,20.00%,0.00%,0.00%,0.00%,0.00%,0.00%,0.00%,4.80%,8.60%,0.00%,0.00%,0.00%
Zizic A.,Anadolu Efes Istanbul,Olimpia Milano,Euroleague,2023-2024,16/11/2023,9,REGULAR SEASON,A,L,16,5,2,3,66.70%,0,0,0.00%,2,3,66.70%,1,2,50.00%,0,2,2,0,0,2,1,0,2,-3,4,14.80%,1.25,125,126.9,-1.9,75.3,110.3,-35,66.70%,62.50%,25.00%,2,50.00%,1,0.00%,0,0.00%,0,0.00%,0,25.00%,0.00%,0.00%,0.00%,0.00%,0.00%,0.00%,0.00%,0.00%,0.00%,0.00%,0.00%,0.00%,20.00%,40.00%,0.00%,0.00%,11.10%,7.70%,4.50%,6.70%,0.00%
Zizic A.,Anadolu Efes Istanbul,AS Monaco Basket,Euroleague,2023-2024,14/11/2023,8,REGULAR SEASON,A,W,23,6,3,4,75.00%,0,0,0.00%,3,4,75.00%,0,0,0.00%,0,4,4,0,0,0,0,3,1,18,4,9.50%,1.5,165,123.1,41.9,127.9,115.1,12.8,75.00%,75.00%,25.00%,2,75.00%,1.33,0.00%,0,0.00%,0,0.00%,0,0.00%,0.00%,0.00%,0.00%,0.00%,0.00%,0.00%,0.00%,0.00%,0.00%,0.00%,0.00%,0.00%,22.20%,28.60%,0.00%,0.00%,13.80%,0.00%,0.00%,0.00%,0.00%
Zizic A.,Anadolu Efes Istanbul,BC Zalgiris,Euroleague,2023-2024,09/11/2023,7,REGULAR SEASON,H,W,23,6,3,5,60.00%,0,0,0.00%,3,5,60.00%,0,0,0.00%,1,3,4,1,2,0,1,1,2,5,7,16.30%,0.857,125.6,118.9,6.7,97.4,118.6,-21.2,60.00%,60.00%,28.60%,1,42.90%,1.33,0.00%,0,0.00%,0,0.00%,0,0.00%,28.60%,14.30%,14.30%,6.70%,0.00%,12.50%,0.00%,10.00%,5.90%,9.10%,0.00%,0.00%,15.80%,10.00%,28.60%,0.00%,11.10%,0.00%,2.80%,0.00%,0.00%
Zizic A.,Anadolu Efes Istanbul,Virtus Bologna,Euroleague,2023-2024,03/11/2023,6,REGULAR SEASON,A,L,17,15,6,7,85.70%,0,0,0.00%,6,7,85.70%,3,3,100.00%,2,1,3,1,1,0,0,1,3,-2,9,28.10%,1.667,137,134.5,2.5,179.4,121.2,58.2,85.70%,93.80%,22.20%,2,55.60%,1.6,0.00%,0,0.00%,0,0.00%,0,11.10%,11.10%,11.10%,0.00%,10.00%,0.00%,25.00%,0.00%,10.00%,20.00%,25.00%,0.00%,100.00%,7.70%,11.10%,0.00%,0.00%,13.00%,0.00%,0.00%,0.00%,0.00%
Zizic A.,Anadolu Efes Istanbul,Olympiacos Piraeus,Euroleague,2023-2024,26/10/2023,5,REGULAR SEASON,A,L,17,6,3,3,100.00%,0,0,0.00%,3,3,100.00%,0,0,0.00%,1,1,2,0,0,0,0,2,0,-6,3,9.70%,2,100,118.5,-18.5,202.9,124.8,78.1,100.00%,100.00%,0.00%,0,100.00%,2,0.00%,0,0.00%,0,0.00%,0,0.00%,0.00%,0.00%,0.00%,0.00%,0.00%,0.00%,0.00%,0.00%,6.30%,0.00%,11.10%,0.00%,8.30%,0.00%,14.30%,0.00%,7.10%,0.00%,0.00%,0.00%,0.00%
Zizic A.,Anadolu Efes Istanbul,Valencia Basket,Euroleague,2023-2024,20/10/2023,4,REGULAR SEASON,H,W,13,3,1,2,50.00%,0,0,0.00%,1,2,50.00%,1,2,50.00%,1,2,3,2,1,0,0,0,2,-7,4,16.00%,0.75,100,140,-40,110,144.1,-34.1,50.00%,50.00%,0.00%,0,50.00%,1,0.00%,0,0.00%,0,0.00%,0,25.00%,25.00%,25.00%,0.00%,66.70%,16.70%,50.00%,0.00%,18.20%,7.70%,0.00%,14.30%,0.00%,28.60%,25.00%,33.30%,0.00%,15.00%,0.00%,0.00%,0.00%,0.00%
Zizic A.,Anadolu Efes Istanbul,ASVEL Villeurbanne,Euroleague,2023-2024,17/10/2023,3,REGULAR SEASON,H,W,24,11,4,5,80.00%,0,0,0.00%,4,5,80.00%,3,4,75.00%,2,1,3,2,1,2,0,1,3,12,8,15.40%,1.375,121.3,95.7,25.6,130.6,93.4,37.2,80.00%,78.60%,25.00%,2,37.50%,1.33,0.00%,0,0.00%,0,0.00%,0,25.00%,12.50%,0.00%,12.50%,11.10%,18.20%,0.00%,0.00%,18.20%,13.30%,16.70%,11.10%,0.00%,4.80%,9.10%,0.00%,0.00%,8.30%,4.30%,0.00%,0.00%,0.00%
Zizic A.,Anadolu Efes Istanbul,Real Madrid,Euroleague,2023-2024,12/10/2023,2,REGULAR SEASON,H,L,23,9,4,8,50.00%,0,0,0.00%,4,8,50.00%,1,3,33.30%,4,3,7,0,1,0,0,2,2,-2,10,18.50%,0.9,118.6,117.8,0.8,103.1,123,-19.9,50.00%,50.00%,40.00%,1.5,30.00%,0,10.00%,2,0.00%,0,0.00%,0,10.00%,10.00%,0.00%,10.00%,0.00%,0.00%,0.00%,0.00%,0.00%,14.80%,17.60%,12.50%,0.00%,16.70%,11.10%,22.20%,0.00%,15.60%,0.00%,0.00%,0.00%,0.00%
Zizic A.,Anadolu Efes Istanbul,FC Barcelona,Euroleague,2023-2024,05/10/2023,1,REGULAR SEASON,A,L,18,9,4,4,100.00%,0,0,0.00%,4,4,100.00%,1,2,50.00%,0,3,3,2,0,0,0,0,2,1,5,13.90%,1.8,114.7,122.6,-7.9,200,118.9,81.1,100.00%,90.00%,40.00%,2,40.00%,2,0.00%,0,0.00%,0,0.00%,0,20.00%,0.00%,0.00%,0.00%,18.20%,0.00%,50.00%,0.00%,18.20%,0.00%,0.00%,0.00%,0.00%,25.00%,33.30%,20.00%,0.00%,12.00%,0.00%,0.00%,0.00%,0.00%
Zizic A.,Anadolu Efes Istanbul,AS Monaco Basket,Euroleague,2022-2023,14/04/2023,34,REGULAR SEASON,H,W,17,11,5,6,83.30%,0,0,0.00%,5,6,83.30%,1,3,33.30%,1,4,5,1,0,2,2,2,3,15,7,20.00%,1.571,140,90,50,156,69.4,86.6,83.30%,78.60%,85.70%,1.67,0.00%,0,0.00%,0,0.00%,0,0.00%,0,14.30%,0.00%,0.00%,0.00%,8.30%,11.10%,0.00%,0.00%,10.00%,6.70%,11.10%,0.00%,0.00%,23.50%,37.50%,11.10%,0.00%,15.60%,6.70%,7.10%,0.00%,0.00%
Zizic A.,Anadolu Efes Istanbul,Fenerbahçe SK,Euroleague,2022-2023,06/04/2023,33,REGULAR SEASON,A,L,28,10,5,11,45.50%,0,0,0.00%,5,11,45.50%,0,0,0.00%,4,3,7,0,1,0,0,3,2,-10,12,22.20%,0.833,120.8,151.1,-30.3,86.8,137.4,-50.6,45.50%,45.50%,58.30%,1.14,33.30%,0.5,0.00%,0,0.00%,0,0.00%,0,0.00%,8.30%,0.00%,8.30%,0.00%,0.00%,0.00%,0.00%,0.00%,20.00%,33.30%,11.10%,0.00%,18.80%,16.70%,25.00%,0.00%,19.40%,0.00%,0.00%,0.00%,0.00%
Zizic A.,Anadolu Efes Istanbul,Virtus Bologna,Euroleague,2022-2023,30/03/2023,32,REGULAR SEASON,H,W,18,24,11,13,84.60%,0,0,0.00%,11,13,84.60%,2,3,66.70%,1,5,6,1,2,1,0,3,3,15,16,47.10%,1.5,148.4,100,48.4,140.9,84.9,56,84.60%,85.70%,50.00%,1.5,31.30%,2,0.00%,0,0.00%,0,0.00%,0,6.30%,12.50%,6.30%,6.30%,7.70%,33.30%,0.00%,0.00%,10.00%,9.10%,20.00%,0.00%,0.00%,26.30%,25.00%,20.00%,100.00%,20.00%,3.20%,0.00%,0.00%,0.00%
Zizic A.,Anadolu Efes Istanbul,Olimpia Milano,Euroleague,2022-2023,28/03/2023,31,REGULAR SEASON,H,W,11,6,3,7,42.90%,0,0,0.00%,3,7,42.90%,0,0,0.00%,3,1,4,0,0,0,0,0,0,-1,7,26.90%,0.857,94.7,100,-5.3,93.2,103.6,-10.4,42.90%,42.90%,28.60%,2,71.40%,0.4,0.00%,0,0.00%,0,0.00%,0,0.00%,0.00%,0.00%,0.00%,0.00%,0.00%,0.00%,0.00%,0.00%,20.00%,12.50%,28.60%,0.00%,16.70%,25.00%,0.00%,0.00%,19.00%,0.00%,0.00%,0.00%,0.00%
Zizic A.,Anadolu Efes Istanbul,ALBA Berlin,Euroleague,2022-2023,23/03/2023,30,REGULAR SEASON,A,L,22,13,5,8,62.50%,0,0,0.00%,5,8,62.50%,3,4,75.00%,3,3,6,0,0,1,0,0,4,5,10,21.30%,1.3,123.1,110.3,12.8,127.6,107.3,20.3,62.50%,65.00%,10.00%,2,70.00%,1.14,0.00%,0,0.00%,0,0.00%,0,20.00%,0.00%,0.00%,0.00%,0.00%,0.00%,0.00%,0.00%,0.00%,15.00%,27.30%,0.00%,0.00%,21.40%,33.30%,14.30%,0.00%,17.60%,2.60%,0.00%,0.00%,0.00%
Zizic A.,Anadolu Efes Istanbul,KK Partizan,Euroleague,2022-2023,16/03/2023,29,REGULAR SEASON,H,L,0,0,0,0,0.00%,0,0,0.00%,0,0,0.00%,0,0,0.00%,0,0,0,0,0,0,0,0,0,0,0,100.00%,0,0,0,0,0,0,0,0.00%,0.00%,0.00%,0,0.00%,0,0.00%,0,0.00%,0,0.00%,0,0.00%,0.00%,0.00%,0.00%,0.00%,0.00%,0.00%,0.00%,0.00%,0.00%,0.00%,0.00%,0.00%,0.00%,0.00%,0.00%,0.00%,0.00%,0.00%,0.00%,0.00%,0.00%
Zizic A.,Anadolu Efes Istanbul,Real Madrid,Euroleague,2022-2023,14/03/2023,24,REGULAR SEASON,H,W,0,0,0,0,0.00%,0,0,0.00%,0,0,0.00%,0,0,0.00%,0,0,0,0,0,0,0,0,0,0,0,100.00%,0,0,0,0,0,0,0,0.00%,0.00%,0.00%,0,0.00%,0,0.00%,0,0.00%,0,0.00%,0,0.00%,0.00%,0.00%,0.00%,0.00%,0.00%,0.00%,0.00%,0.00%,0.00%,0.00%,0.00%,0.00%,0.00%,0.00%,0.00%,0.00%,0.00%,0.00%,0.00%,0.00%,0.00%
Zizic A.,Anadolu Efes Istanbul,Maccabi Tel Aviv BC,Euroleague,2022-2023,10/03/2023,28,REGULAR SEASON,H,L,10,3,1,2,50.00%,0,0,0.00%,1,2,50.00%,1,1,100.00%,2,1,3,1,0,0,0,2,2,-9,2,10.00%,1.5,94.4,144.4,-50,202.8,135.6,67.2,50.00%,75.00%,0.00%,0,100.00%,1,0.00%,0,0.00%,0,0.00%,0,0.00%,0.00%,0.00%,0.00%,100.00%,0.00%,100.00%,0.00%,10.00%,22.20%,25.00%,25.00%,0.00%,12.50%,0.00%,20.00%,0.00%,17.60%,0.00%,0.00%,0.00%,0.00%
Zizic A.,Anadolu Efes Istanbul,KK Crvena zvezda,Euroleague,2022-2023,08/03/2023,27,REGULAR SEASON,A,L,28,16,7,9,77.80%,0,0,0.00%,7,9,77.80%,2,4,50.00%,1,0,1,1,1,0,1,2,3,-10,12,24.50%,1.333,121.3,148.9,-27.6,112.9,140.6,-27.7,77.80%,72.70%,25.00%,2,50.00%,1.33,0.00%,0,0.00%,0,0.00%,0,16.70%,8.30%,0.00%,8.30%,5.90%,14.30%,0.00%,0.00%,10.00%,6.70%,11.10%,0.00%,0.00%,0.00%,0.00%,0.00%,0.00%,3.00%,0.00%,2.60%,0.00%,0.00%
Zizic A.,Anadolu Efes Istanbul,Panathinaikos Athlitikos Omilos,Euroleague,2022-2023,02/03/2023,26,REGULAR SEASON,A,W,24,12,6,10,60.00%,0,0,0.00%,6,10,60.00%,0,0,0.00%,3,4,7,0,1,1,0,2,2,-1,11,22.90%,1.091,115.9,115.6,0.3,110.4,110.1,0.3,60.00%,60.00%,72.70%,1.25,18.20%,1,0.00%,0,0.00%,0,0.00%,0,0.00%,9.10%,0.00%,9.10%,0.00%,0.00%,0.00%,0.00%,0.00%,14.30%,25.00%,9.10%,0.00%,21.10%,28.60%,18.20%,0.00%,17.50%,2.20%,0.00%,0.00%,0.00%
Zizic A.,Anadolu Efes Istanbul,ASVEL Villeurbanne,Euroleague,2022-2023,24/02/2023,25,REGULAR SEASON,A,W,18,8,4,4,100.00%,0,0,0.00%,4,4,100.00%,0,2,0.00%,1,6,7,0,1,0,0,3,1,4,6,18.20%,1.333,122.6,109.7,12.9,125.7,114.1,11.6,100.00%,80.00%,33.30%,2,33.30%,2,0.00%,0,0.00%,0,0.00%,0,16.70%,16.70%,0.00%,16.70%,0.00%,0.00%,0.00%,0.00%,0.00%,8.30%,33.30%,0.00%,0.00%,54.50%,20.00%,83.30%,0.00%,30.40%,0.00%,0.00%,0.00%,0.00%
Zizic A.,Anadolu Efes Istanbul,Olympiacos Piraeus,Euroleague,2022-2023,03/02/2023,23,REGULAR SEASON,A,L,19,9,4,6,66.70%,0,0,0.00%,4,6,66.70%,1,2,50.00%,1,0,1,1,0,0,0,2,1,-15,7,21.20%,1.286,93.8,140.6,-46.8,100.5,132.1,-31.6,66.70%,64.30%,57.10%,2,28.60%,0,0.00%,0,0.00%,0,0.00%,0,14.30%,0.00%,0.00%,0.00%,12.50%,14.30%,0.00%,0.00%,10.00%,7.10%,0.00%,14.30%,0.00%,0.00%,0.00%,0.00%,0.00%,3.40%,0.00%,0.00%,0.00%,0.00%
Zizic A.,Anadolu Efes Istanbul,BC Zalgiris,Euroleague,2022-2023,01/02/2023,22,REGULAR SEASON,H,W,13,9,4,4,100.00%,0,0,0.00%,4,4,100.00%,1,1,100.00%,2,0,2,3,0,1,0,1,1,7,4,16.00%,2.25,136.4,104.5,31.9,242.5,95,147.5,100.00%,112.50%,50.00%,2,50.00%,2,0.00%,0,0.00%,0,0.00%,0,0.00%,0.00%,0.00%,0.00%,42.90%,33.30%,50.00%,0.00%,25.00%,25.00%,20.00%,50.00%,0.00%,0.00%,0.00%,0.00%,0.00%,9.50%,4.50%,0.00%,0.00%,0.00%
Zizic A.,Anadolu Efes Istanbul,Baskonia Vitoria-Gasteiz,Euroleague,2022-2023,27/01/2023,21,REGULAR SEASON,A,L,10,11,5,6,83.30%,0,0,0.00%,5,6,83.30%,1,1,100.00%,2,0,2,0,0,0,0,0,1,4,6,30.00%,1.833,127.8,111.8,16,192.3,109.1,83.2,83.30%,91.70%,16.70%,2,83.30%,1.6,0.00%,0,0.00%,0,0.00%,0,0.00%,0.00%,0.00%,0.00%,0.00%,0.00%,0.00%,0.00%,0.00%,22.20%,0.00%,25.00%,0.00%,0.00%,0.00%,0.00%,0.00%,8.70%,0.00%,0.00%,0.00%,0.00%
Zizic A.,Anadolu Efes Istanbul,FC Bayern Munich,Euroleague,2022-2023,20/01/2023,20,REGULAR SEASON,H,L,16,6,3,4,75.00%,0,0,0.00%,3,4,75.00%,0,0,0.00%,1,0,1,1,1,0,0,2,2,-4,5,20.80%,1.2,127.3,145.5,-18.2,134.8,136.5,-1.7,75.00%,75.00%,40.00%,1,40.00%,2,0.00%,0,0.00%,0,0.00%,0,0.00%,20.00%,0.00%,20.00%,16.70%,0.00%,25.00%,0.00%,10.00%,11.10%,0.00%,33.30%,0.00%,0.00%,0.00%,0.00%,0.00%,5.30%,0.00%,0.00%,0.00%,0.00%
Zizic A.,Anadolu Efes Istanbul,FC Barcelona,Euroleague,2022-2023,13/01/2023,19,REGULAR SEASON,A,W,6,0,0,1,0.00%,0,0,0.00%,0,1,0.00%,0,0,0.00%,1,0,1,0,1,0,0,0,2,5,2,18.20%,0,130,72.7,57.3,41,81.4,-40.4,0.00%,0.00%,0.00%,0,50.00%,0,0.00%,0,0.00%,0,0.00%,0,0.00%,50.00%,50.00%,0.00%,0.00%,0.00%,0.00%,0.00%,0.00%,25.00%,0.00%,50.00%,0.00%,0.00%,0.00%,0.00%,0.00%,12.50%,0.00%,0.00%,0.00%,0.00%
Zizic A.,Anadolu Efes Istanbul,Valencia Basket,Euroleague,2022-2023,11/01/2023,18,REGULAR SEASON,A,L,6,0,0,0,0.00%,0,0,0.00%,0,0,0.00%,0,0,0.00%,0,2,2,0,1,0,0,0,0,-1,1,10.00%,0,112.5,111.1,1.4,0,101.5,-101.5,0.00%,0.00%,0.00%,0,0.00%,0,0.00%,0,0.00%,0,0.00%,0,0.00%,100.00%,0.00%,100.00%,0.00%,0.00%,0.00%,0.00%,0.00%,0.00%,0.00%,0.00%,0.00%,50.00%,100.00%,33.30%,0.00%,22.20%,0.00%,0.00%,0.00%,0.00%
Zizic A.,Anadolu Efes Istanbul,ASVEL Villeurbanne,Euroleague,2022-2023,06/01/2023,17,REGULAR SEASON,H,W,14,4,2,2,100.00%,0,0,0.00%,2,2,100.00%,0,0,0.00%,2,2,4,1,1,1,0,2,0,-2,3,12.50%,1.333,109.1,123.8,-14.7,160.1,103.1,57,100.00%,100.00%,33.30%,2,33.30%,2,0.00%,0,0.00%,0,0.00%,0,0.00%,33.30%,33.30%,0.00%,20.00%,0.00%,33.30%,0.00%,10.00%,25.00%,33.30%,20.00%,0.00%,25.00%,20.00%,33.30%,0.00%,25.00%,4.80%,0.00%,0.00%,0.00%
Zizic A.,Anadolu Efes Istanbul,Maccabi Tel Aviv BC,Euroleague,2022-2023,29/12/2022,16,REGULAR SEASON,A,L,8,2,1,2,50.00%,0,0,0.00%,1,2,50.00%,0,0,0.00%,2,1,3,1,1,0,0,2,0,2,3,21.40%,0.667,133.3,127.3,6,103.7,104.2,-0.5,50.00%,50.00%,0.00%,0,66.70%,1,0.00%,0,0.00%,0,0.00%,0,0.00%,33.30%,0.00%,33.30%,100.00%,50.00%,0.00%,0.00%,10.00%,40.00%,0.00%,66.70%,0.00%,12.50%,25.00%,0.00%,0.00%,23.10%,0.00%,0.00%,0.00%,0.00%
Zizic A.,Anadolu Efes Istanbul,Panathinaikos Athlitikos Omilos,Euroleague,2022-2023,23/12/2022,15,REGULAR SEASON,H,W,0,0,0,0,0.00%,0,0,0.00%,0,0,0.00%,0,0,0.00%,0,0,0,0,0,0,0,0,0,0,0,100.00%,0,0,0,0,0,0,0,0.00%,0.00%,0.00%,0,0.00%,0,0.00%,0,0.00%,0,0.00%,0,0.00%,0.00%,0.00%,0.00%,0.00%,0.00%,0.00%,0.00%,0.00%,0.00%,0.00%,0.00%,0.00%,0.00%,0.00%,0.00%,0.00%,0.00%,0.00%,0.00%,0.00%,0.00%
Zizic A.,Anadolu Efes Istanbul,KK Partizan,Euroleague,2022-2023,16/12/2022,14,REGULAR SEASON,A,L,28,20,6,7,85.70%,0,0,0.00%,6,7,85.70%,8,10,80.00%,5,4,9,1,0,1,0,2,7,6,11,19.60%,1.818,118.4,106.1,12.3,185.4,102.9,82.5,85.70%,90.90%,45.50%,2,18.20%,1,0.00%,0,0.00%,0,0.00%,0,36.40%,0.00%,0.00%,0.00%,5.90%,0.00%,25.00%,0.00%,10.00%,22.70%,25.00%,20.00%,0.00%,22.20%,22.20%,22.20%,0.00%,22.50%,2.00%,0.00%,0.00%,0.00%
Zizic A.,Anadolu Efes Istanbul,Baskonia Vitoria-Gasteiz,Euroleague,2022-2023,14/12/2022,13,REGULAR SEASON,H,L,16,4,1,1,100.00%,0,0,0.00%,1,1,100.00%,2,2,100.00%,1,1,2,0,1,0,1,3,2,1,3,10.30%,1.333,111.1,111.5,-0.4,143.3,113.2,30.1,100.00%,100.00%,33.30%,2,0.00%,0,0.00%,0,0.00%,0,0.00%,0,33.30%,33.30%,33.30%,0.00%,0.00%,0.00%,0.00%,0.00%,0.00%,6.70%,14.30%,0.00%,0.00%,16.70%,100.00%,0.00%,0.00%,9.50%,0.00%,7.10%,16.70%,0.00%
Zizic A.,Anadolu Efes Istanbul,BC Zalgiris,Euroleague,2022-2023,09/12/2022,12,REGULAR SEASON,A,W,8,6,3,3,100.00%,0,0,0.00%,3,3,100.00%,0,0,0.00%,2,1,3,0,0,0,1,1,0,0,3,21.40%,2,116.7,107.7,9,206.1,99.8,106.3,100.00%,100.00%,100.00%,2,0.00%,0,0.00%,0,0.00%,0,0.00%,0,0.00%,0.00%,0.00%,0.00%,0.00%,0.00%,0.00%,0.00%,0.00%,33.30%,66.70%,0.00%,0.00%,20.00%,33.30%,0.00%,0.00%,27.30%,0.00%,11.10%,16.70%,0.00%
Zizic A.,Anadolu Efes Istanbul,Olympiacos Piraeus,Euroleague,2022-2023,01/12/2022,11,REGULAR SEASON,H,W,22,4,1,1,100.00%,0,0,0.00%,1,1,100.00%,2,4,50.00%,0,1,1,1,0,0,1,1,2,8,3,8.30%,1.333,131.4,105.6,25.8,116.7,105.3,11.4,100.00%,66.70%,33.30%,2,0.00%,0,0.00%,0,0.00%,0,0.00%,0,66.70%,0.00%,0.00%,0.00%,9.10%,0.00%,11.10%,0.00%,10.00%,0.00%,0.00%,0.00%,0.00%,5.60%,0.00%,8.30%,0.00%,3.30%,0.00%,3.40%,0.00%,0.00%
Zizic A.,Anadolu Efes Istanbul,Virtus Bologna,Euroleague,2022-2023,25/11/2022,10,REGULAR SEASON,A,W,11,3,1,2,50.00%,0,0,0.00%,1,2,50.00%,1,2,50.00%,0,2,2,1,0,1,1,2,1,9,3,14.30%,1,123.8,85,38.8,116.7,72.9,43.8,50.00%,50.00%,0.00%,0,66.70%,1,0.00%,0,0.00%,0,0.00%,0,33.30%,0.00%,0.00%,0.00%,25.00%,0.00%,20.00%,0.00%,10.00%,0.00%,0.00%,0.00%,0.00%,28.60%,33.30%,25.00%,0.00%,14.30%,5.00%,7.10%,14.30%,0.00%
Zizic A.,Anadolu Efes Istanbul,Olimpia Milano,Euroleague,2022-2023,22/11/2022,9,REGULAR SEASON,A,W,4,0,0,1,0.00%,0,0,0.00%,0,1,0.00%,0,0,0.00%,0,2,2,0,0,0,0,0,0,-5,1,12.50%,0,37.5,114.3,-76.8,0,96,-96,0.00%,0.00%,0.00%,0,100.00%,0,0.00%,0,0.00%,0,0.00%,0,0.00%,0.00%,0.00%,0.00%,0.00%,0.00%,0.00%,0.00%,0.00%,0.00%,0.00%,0.00%,0.00%,50.00%,33.30%,100.00%,0.00%,25.00%,0.00%,0.00%,0.00%,0.00%
Zizic A.,Anadolu Efes Istanbul,FC Barcelona,Euroleague,2022-2023,17/11/2022,8,REGULAR SEASON,H,W,7,0,0,1,0.00%,0,0,0.00%,0,1,0.00%,0,0,0.00%,2,0,2,1,2,0,0,1,1,2,3,21.40%,0,125,108.3,16.7,70.5,112.1,-41.6,0.00%,0.00%,33.30%,0,0.00%,0,0.00%,0,0.00%,0,0.00%,0,0.00%,66.70%,0.00%,66.70%,0.00%,0.00%,50.00%,0.00%,10.00%,50.00%,50.00%,0.00%,0.00%,0.00%,0.00%,0.00%,0.00%,16.70%,0.00%,0.00%,0.00%,0.00%
Zizic A.,Anadolu Efes Istanbul,Real Madrid,Euroleague,2022-2023,10/11/2022,7,REGULAR SEASON,A,L,27,17,5,8,62.50%,0,0,0.00%,5,8,62.50%,7,10,70.00%,0,7,7,1,0,1,0,2,6,2,13,23.60%,1.308,122.6,118.9,3.7,126.7,105.6,21.1,62.50%,65.40%,0.00%,0,61.50%,1.25,0.00%,0,0.00%,0,0.00%,0,38.50%,0.00%,0.00%,0.00%,4.80%,0.00%,33.30%,0.00%,10.00%,0.00%,0.00%,0.00%,0.00%,29.20%,26.70%,25.00%,100.00%,16.70%,1.90%,0.00%,0.00%,0.00%
Zizic A.,Anadolu Efes Istanbul,FC Bayern Munich,Euroleague,2022-2023,03/11/2022,6,REGULAR SEASON,A,L,16,11,5,6,83.30%,0,0,0.00%,5,6,83.30%,1,2,50.00%,1,1,2,0,1,0,1,3,1,-5,8,24.20%,1.375,110,131,-21,124.4,118,6.4,83.30%,78.60%,12.50%,2,62.50%,1.6,0.00%,0,0.00%,0,0.00%,0,12.50%,12.50%,0.00%,12.50%,0.00%,0.00%,0.00%,0.00%,0.00%,8.30%,16.70%,0.00%,0.00%,7.10%,0.00%,20.00%,0.00%,7.70%,0.00%,3.60%,5.30%,0.00%
Zizic A.,Anadolu Efes Istanbul,Fenerbahçe SK,Euroleague,2022-2023,28/10/2022,5,REGULAR SEASON,H,L,16,6,3,4,75.00%,0,0,0.00%,3,4,75.00%,0,0,0.00%,3,3,6,1,2,1,0,0,0,-5,6,20.00%,1,115.4,125,-9.6,103.4,109.1,-5.7,75.00%,75.00%,33.30%,2,33.30%,1,0.00%,0,0.00%,0,0.00%,0,0.00%,33.30%,33.30%,0.00%,12.50%,0.00%,0.00%,33.30%,10.00%,23.10%,33.30%,0.00%,0.00%,21.40%,33.30%,0.00%,0.00%,22.20%,3.60%,0.00%,0.00%,0.00%
Zizic A.,Anadolu Efes Istanbul,ALBA Berlin,Euroleague,2022-2023,21/10/2022,4,REGULAR SEASON,H,W,11,2,1,3,33.30%,0,0,0.00%,1,3,33.30%,0,0,0.00%,0,5,5,0,1,0,0,0,0,3,4,14.30%,0.5,91.3,78.3,13,35.9,80.5,-44.6,33.30%,33.30%,25.00%,2,50.00%,0,0.00%,0,0.00%,0,0.00%,0,0.00%,25.00%,0.00%,25.00%,0.00%,0.00%,0.00%,0.00%,0.00%,0.00%,0.00%,0.00%,0.00%,38.50%,37.50%,40.00%,0.00%,20.00%,0.00%,0.00%,0.00%,0.00%
Zizic A.,Anadolu Efes Istanbul,Valencia Basket,Euroleague,2022-2023,18/10/2022,3,REGULAR SEASON,H,L,18,8,3,3,100.00%,0,0,0.00%,3,3,100.00%,2,2,100.00%,1,0,1,2,1,1,0,1,2,6,5,14.30%,1.6,144.1,134.4,9.7,184.4,124.8,59.6,100.00%,100.00%,60.00%,2,0.00%,0,0.00%,0,0.00%,0,0.00%,0,20.00%,20.00%,0.00%,20.00%,14.30%,0.00%,33.30%,0.00%,18.20%,14.30%,33.30%,0.00%,0.00%,0.00%,0.00%,0.00%,0.00%,4.80%,3.10%,0.00%,0.00%,0.00%
Zizic A.,Anadolu Efes Istanbul,AS Monaco Basket,Euroleague,2022-2023,13/10/2022,2,REGULAR SEASON,A,L,16,9,4,4,100.00%,0,0,0.00%,4,4,100.00%,1,2,50.00%,2,3,5,3,0,0,1,5,1,10,5,17.20%,1.8,133.3,96.3,37,180.4,84.2,96.2,100.00%,90.00%,40.00%,2,40.00%,2,0.00%,0,0.00%,0,0.00%,0,20.00%,0.00%,0.00%,0.00%,33.30%,0.00%,20.00%,66.70%,25.00%,22.20%,50.00%,0.00%,0.00%,16.70%,20.00%,16.70%,0.00%,18.50%,0.00%,3.70%,4.80%,0.00%
Zizic A.,Anadolu Efes Istanbul,KK Crvena zvezda,Euroleague,2022-2023,07/10/2022,1,REGULAR SEASON,H,W,18,6,3,6,50.00%,0,0,0.00%,3,6,50.00%,0,0,0.00%,1,4,5,0,0,1,1,1,0,7,6,18.20%,1,116.7,96.6,20.1,98.6,82.8,15.8,50.00%,50.00%,16.70%,2,66.70%,1,16.70%,0,0.00%,0,0.00%,0,0.00%,0.00%,0.00%,0.00%,0.00%,0.00%,0.00%,0.00%,0.00%,6.30%,10.00%,0.00%,0.00%,23.50%,25.00%,25.00%,0.00%,15.20%,3.40%,3.80%,7.10%,0.00%
Zizic A.,Maccabi Tel Aviv BC,Real Madrid,Euroleague,2021-2022,26/04/2022,37,PLAY-OFF,H,L,20,10,5,7,71.40%,0,0,0.00%,5,7,71.40%,0,0,0.00%,2,2,4,1,2,1,2,4,1,2,9,21.40%,1.111,110.5,114.3,-3.8,123.2,99,24.2,71.40%,71.40%,33.30%,2,44.40%,1,0.00%,0,0.00%,0,0.00%,0,0.00%,22.20%,11.10%,11.10%,8.30%,0.00%,33.30%,0.00%,10.00%,10.50%,8.30%,14.30%,0.00%,14.30%,12.50%,20.00%,0.00%,12.10%,2.90%,6.70%,0.00%,0.00%
Zizic A.,Maccabi Tel Aviv BC,Real Madrid,Euroleague,2021-2022,22/04/2022,36,PLAY-OFF,A,L,15,8,4,7,57.10%,0,0,0.00%,4,7,57.10%,0,0,0.00%,2,2,4,0,0,0,0,0,0,-11,7,21.90%,1.143,104,148,-44,122.8,138.3,-15.5,57.10%,57.10%,14.30%,2,71.40%,0.8,14.30%,2,0.00%,0,0.00%,0,0.00%,0.00%,0.00%,0.00%,0.00%,0.00%,0.00%,0.00%,0.00%,11.80%,18.20%,0.00%,0.00%,20.00%,66.70%,0.00%,0.00%,14.80%,0.00%,0.00%,0.00%,0.00%
Zizic A.,Maccabi Tel Aviv BC,Real Madrid,Euroleague,2021-2022,20/04/2022,35,PLAY-OFF,A,L,14,2,1,4,25.00%,0,0,0.00%,1,4,25.00%,0,0,0.00%,0,3,3,1,1,0,0,3,0,-10,5,18.50%,0.4,92.3,130.8,-38.5,41,128.8,-87.8,25.00%,25.00%,20.00%,2,60.00%,0,0.00%,0,0.00%,0,0.00%,0,0.00%,20.00%,0.00%,20.00%,25.00%,33.30%,0.00%,0.00%,10.00%,0.00%,0.00%,0.00%,0.00%,30.00%,42.90%,0.00%,0.00%,13.00%,0.00%,0.00%,0.00%,0.00%
Zizic A.,Maccabi Tel Aviv BC,Fenerbahçe SK,Euroleague,2021-2022,13/04/2022,23,REGULAR SEASON,H,W,22,16,7,7,100.00%,0,0,0.00%,7,7,100.00%,2,2,100.00%,3,4,7,1,1,0,1,3,2,17,8,16.70%,2,125,86.4,38.6,203,88.1,114.9,100.00%,114.30%,25.00%,2,62.50%,2,0.00%,0,0.00%,0,0.00%,0,0.00%,12.50%,0.00%,12.50%,5.60%,0.00%,0.00%,0.00%,10.00%,17.60%,16.70%,20.00%,0.00%,23.50%,25.00%,23.10%,0.00%,20.60%,0.00%,2.90%,0.00%,0.00%
Zizic A.,Maccabi Tel Aviv BC,FC Barcelona,Euroleague,2021-2022,07/04/2022,34,REGULAR SEASON,A,W,10,0,0,1,0.00%,0,0,0.00%,0,1,0.00%,0,0,0.00%,0,0,0,1,0,0,1,1,1,-5,1,5.30%,0,147.1,157.9,-10.8,119.8,149.1,-29.3,0.00%,0.00%,0.00%,0,100.00%,0,0.00%,0,0.00%,0,0.00%,0,0.00%,0.00%,0.00%,0.00%,25.00%,0.00%,20.00%,0.00%,10.00%,0.00%,0.00%,0.00%,0.00%,0.00%,0.00%,0.00%,0.00%,0.00%,0.00%,6.30%,10.00%,0.00%
Zizic A.,Maccabi Tel Aviv BC,ASVEL Villeurbanne,Euroleague,2021-2022,31/03/2022,33,REGULAR SEASON,H,W,25,24,8,10,80.00%,0,0,0.00%,8,10,80.00%,8,10,80.00%,3,2,5,2,2,0,0,1,7,9,16,30.80%,1.5,130.4,108.5,21.9,159.6,112.2,47.4,80.00%,85.70%,12.50%,2,50.00%,1.5,0.00%,0,0.00%,0,0.00%,0,25.00%,12.50%,0.00%,12.50%,11.10%,0.00%,33.30%,0.00%,18.20%,16.70%,37.50%,0.00%,0.00%,14.30%,16.70%,0.00%,33.30%,15.60%,0.00%,0.00%,0.00%,0.00%
Zizic A.,Maccabi Tel Aviv BC,Panathinaikos Athlitikos Omilos,Euroleague,2021-2022,29/03/2022,21,REGULAR SEASON,A,W,16,13,6,9,66.70%,0,0,0.00%,6,9,66.70%,1,2,50.00%,2,1,3,0,1,1,0,2,2,-2,11,31.40%,1.182,106.3,116.1,-9.8,96.9,114.1,-17.2,66.70%,65.00%,54.50%,1.67,27.30%,0.67,0.00%,0,0.00%,0,0.00%,0,9.10%,9.10%,9.10%,0.00%,0.00%,0.00%,0.00%,0.00%,0.00%,12.50%,14.30%,0.00%,100.00%,10.00%,14.30%,0.00%,0.00%,11.50%,3.20%,0.00%,0.00%,0.00%
Zizic A.,Maccabi Tel Aviv BC,Real Madrid,Euroleague,2021-2022,24/03/2022,32,REGULAR SEASON,H,W,16,3,1,5,20.00%,0,0,0.00%,1,5,20.00%,1,2,50.00%,1,1,2,2,1,1,1,1,1,-10,7,22.60%,0.429,125.9,151.7,-25.8,53.4,120.1,-66.7,20.00%,25.00%,0.00%,0,71.40%,0.4,0.00%,0,0.00%,0,0.00%,0,14.30%,14.30%,14.30%,0.00%,25.00%,12.50%,0.00%,100.00%,18.20%,5.90%,0.00%,0.00%,25.00%,5.90%,0.00%,20.00%,0.00%,5.90%,3.40%,3.10%,4.80%,0.00%
Zizic A.,Maccabi Tel Aviv BC,Olimpia Milano,Euroleague,2021-2022,22/03/2022,31,REGULAR SEASON,H,W,21,12,5,9,55.60%,0,0,0.00%,5,9,55.60%,2,2,100.00%,3,4,7,2,1,1,2,1,3,5,11,28.20%,1.091,94.1,77.1,17,116.4,66.9,49.5,55.60%,60.00%,18.20%,2,54.50%,0.67,9.10%,2,0.00%,0,0.00%,0,9.10%,9.10%,9.10%,0.00%,23.50%,33.30%,0.00%,0.00%,18.20%,15.80%,7.70%,33.30%,0.00%,23.50%,16.70%,27.30%,0.00%,19.40%,2.90%,7.10%,0.00%,0.00%
Zizic A.,Maccabi Tel Aviv BC,KK Crvena zvezda,Euroleague,2021-2022,10/03/2022,29,REGULAR SEASON,A,L,29,10,5,10,50.00%,0,0,0.00%,5,10,50.00%,0,0,0.00%,2,4,6,0,1,1,1,2,2,-5,11,21.20%,0.909,110.4,118.4,-8,78.2,95.4,-17.2,50.00%,50.00%,45.50%,1.6,36.40%,0,9.10%,2,0.00%,0,0.00%,0,0.00%,9.10%,0.00%,9.10%,0.00%,0.00%,0.00%,0.00%,0.00%,9.50%,10.00%,0.00%,100.00%,11.10%,21.40%,5.00%,0.00%,10.50%,2.00%,1.80%,0.00%,0.00%
Zizic A.,Maccabi Tel Aviv BC,Baskonia Vitoria-Gasteiz,Euroleague,2021-2022,01/03/2022,19,REGULAR SEASON,H,W,27,21,9,9,100.00%,0,0,0.00%,9,9,100.00%,3,3,100.00%,3,2,5,0,0,0,0,2,3,-3,10,19.20%,2.1,126.1,129.8,-3.7,216.8,120,96.8,100.00%,105.00%,40.00%,2,50.00%,2,0.00%,0,0.00%,0,0.00%,0,10.00%,0.00%,0.00%,0.00%,0.00%,0.00%,0.00%,0.00%,0.00%,12.50%,14.30%,12.50%,0.00%,9.50%,10.00%,9.10%,0.00%,11.10%,0.00%,0.00%,0.00%,0.00%
Zizic A.,Maccabi Tel Aviv BC,Anadolu Efes Istanbul,Euroleague,2021-2022,24/02/2022,27,REGULAR SEASON,A,L,28,17,7,14,50.00%,0,0,0.00%,7,14,50.00%,3,3,100.00%,5,3,8,0,1,0,0,2,2,-17,16,26.20%,1.063,117,154.9,-37.9,114.4,154.3,-39.9,50.00%,56.70%,31.30%,1.6,56.30%,0.67,0.00%,0,0.00%,0,0.00%,0,6.30%,6.30%,6.30%,0.00%,0.00%,0.00%,0.00%,0.00%,0.00%,20.00%,23.10%,16.70%,0.00%,21.40%,20.00%,22.20%,0.00%,20.50%,0.00%,0.00%,0.00%,0.00%
Zizic A.,Maccabi Tel Aviv BC,PBC CSKA Moscow,Euroleague,2021-2022,10/02/2022,26,REGULAR SEASON,H,W,27,14,7,9,77.80%,0,0,0.00%,7,9,77.80%,0,0,0.00%,0,5,5,0,1,0,2,1,2,5,10,19.60%,1.4,120.4,105.9,14.5,117.2,99.2,18,77.80%,77.80%,20.00%,2,70.00%,1.43,0.00%,0,0.00%,0,0.00%,0,0.00%,10.00%,0.00%,10.00%,0.00%,0.00%,0.00%,0.00%,0.00%,0.00%,0.00%,0.00%,0.00%,19.20%,27.30%,13.30%,0.00%,11.90%,0.00%,4.30%,0.00%,0.00%
Zizic A.,Maccabi Tel Aviv BC,FC Bayern Munich,Euroleague,2021-2022,03/02/2022,25,REGULAR SEASON,A,L,19,7,3,5,60.00%,0,0,0.00%,3,5,60.00%,1,3,33.30%,2,3,5,0,2,0,0,3,2,-17,8,25.80%,0.875,55.2,106.5,-51.3,86.6,109.5,-22.9,60.00%,58.30%,12.50%,2,50.00%,1,0.00%,0,0.00%,0,0.00%,0,12.50%,25.00%,0.00%,25.00%,0.00%,0.00%,0.00%,0.00%,0.00%,12.50%,12.50%,14.30%,0.00%,25.00%,20.00%,28.60%,0.00%,17.90%,0.00%,0.00%,0.00%,0.00%
Zizic A.,Maccabi Tel Aviv BC,BC Zalgiris,Euroleague,2021-2022,01/02/2022,24,REGULAR SEASON,A,W,19,13,5,7,71.40%,0,0,0.00%,5,7,71.40%,3,5,60.00%,2,2,4,3,1,1,2,1,4,10,10,29.40%,1.3,156.7,132.1,24.6,165,109.9,55.1,71.40%,72.20%,30.00%,0.67,40.00%,2,0.00%,0,0.00%,0,0.00%,0,20.00%,10.00%,0.00%,10.00%,23.10%,0.00%,60.00%,0.00%,25.00%,25.00%,25.00%,50.00%,0.00%,15.40%,22.20%,0.00%,0.00%,19.00%,3.60%,7.10%,10.50%,0.00%
Zizic A.,Maccabi Tel Aviv BC,ALBA Berlin,Euroleague,2021-2022,25/01/2022,20,REGULAR SEASON,H,W,19,14,5,6,83.30%,0,0,0.00%,5,6,83.30%,4,6,66.70%,1,2,3,0,0,0,0,1,4,0,9,27.30%,1.556,141.9,133.3,8.6,124.4,131.2,-6.8,83.30%,77.80%,11.10%,2,55.60%,1.6,0.00%,0,0.00%,0,0.00%,0,33.30%,0.00%,0.00%,0.00%,0.00%,0.00%,0.00%,0.00%,0.00%,8.30%,12.50%,0.00%,0.00%,22.20%,33.30%,0.00%,0.00%,14.30%,0.00%,0.00%,0.00%,0.00%
Zizic A.,Maccabi Tel Aviv BC,Olympiacos Piraeus,Euroleague,2021-2022,20/01/2022,22,REGULAR SEASON,H,W,26,23,10,12,83.30%,0,0,0.00%,10,12,83.30%,3,5,60.00%,1,5,6,1,0,2,1,0,4,17,14,29.20%,1.643,133.3,100,33.3,161.8,87.8,74,83.30%,82.10%,28.60%,2,57.10%,1.5,0.00%,0,0.00%,0,0.00%,0,14.30%,0.00%,0.00%,0.00%,5.60%,0.00%,14.30%,0.00%,10.00%,4.80%,0.00%,11.10%,0.00%,31.30%,37.50%,25.00%,0.00%,16.20%,4.70%,3.20%,0.00%,0.00%
Zizic A.,Maccabi Tel Aviv BC,AS Monaco Basket,Euroleague,2021-2022,29/12/2021,18,REGULAR SEASON,A,L,25,10,4,6,66.70%,0,0,0.00%,4,6,66.70%,2,4,50.00%,2,5,7,0,0,1,2,2,4,4,8,15.70%,1.25,126.7,115.2,11.5,134.3,109.2,25.1,66.70%,62.50%,37.50%,2,37.50%,0.67,0.00%,0,0.00%,0,0.00%,0,25.00%,0.00%,0.00%,0.00%,0.00%,0.00%,0.00%,0.00%,0.00%,10.50%,16.70%,0.00%,0.00%,35.70%,0.00%,44.40%,33.30%,21.20%,2.20%,6.70%,6.70%,6.70%
Zizic A.,Maccabi Tel Aviv BC,BC Zenit Saint Petersburg,Euroleague,2021-2022,23/12/2021,17,REGULAR SEASON,A,L,15,5,0,0,0.00%,0,0,0.00%,0,0,0.00%,5,6,83.30%,1,2,3,0,3,0,1,1,3,-9,6,25.00%,0.833,86.4,121.7,-35.3,69.6,111.3,-41.7,0.00%,83.30%,0.00%,0,0.00%,0,0.00%,0,0.00%,0,0.00%,0,50.00%,50.00%,0.00%,50.00%,0.00%,0.00%,0.00%,0.00%,0.00%,20.00%,33.30%,0.00%,0.00%,16.70%,0.00%,66.70%,0.00%,17.60%,0.00%,4.20%,5.90%,0.00%
Zizic A.,Maccabi Tel Aviv BC,Anadolu Efes Istanbul,Euroleague,2021-2022,16/12/2021,16,REGULAR SEASON,H,L,31,23,9,11,81.80%,0,0,0.00%,9,11,81.80%,5,6,83.30%,2,4,6,0,1,1,2,1,5,-8,15,23.40%,1.533,103.5,124.1,-20.6,142.6,108.2,34.4,81.80%,82.10%,60.00%,1.56,13.30%,2,0.00%,0,0.00%,0,0.00%,0,20.00%,6.70%,0.00%,6.70%,0.00%,0.00%,0.00%,0.00%,0.00%,8.70%,10.00%,7.70%,0.00%,13.80%,8.30%,17.60%,0.00%,11.50%,1.90%,3.70%,6.90%,0.00%
Zizic A.,Maccabi Tel Aviv BC,Fenerbahçe SK,Euroleague,2021-2022,14/12/2021,15,REGULAR SEASON,A,L,27,9,4,12,33.30%,0,0,0.00%,4,12,33.30%,1,1,100.00%,5,6,11,0,2,0,0,1,2,8,14,24.10%,0.643,116,102,14,84.8,100.3,-15.5,33.30%,37.50%,35.70%,1.6,50.00%,0,0.00%,0,0.00%,0,0.00%,0,0.00%,14.30%,7.10%,7.10%,0.00%,0.00%,0.00%,0.00%,0.00%,21.70%,20.00%,25.00%,0.00%,28.60%,25.00%,33.30%,0.00%,25.00%,0.00%,0.00%,0.00%,0.00%
Zizic A.,Maccabi Tel Aviv BC,BC UNICS,Euroleague,2021-2022,09/12/2021,14,REGULAR SEASON,H,L,19,11,5,5,100.00%,0,0,0.00%,5,5,100.00%,1,2,50.00%,0,3,3,0,2,0,0,1,3,-9,8,22.90%,1.375,102.9,122.2,-19.3,122.1,118.7,3.4,100.00%,91.70%,12.50%,2,50.00%,2,0.00%,0,0.00%,0,0.00%,0,12.50%,25.00%,25.00%,0.00%,0.00%,0.00%,0.00%,0.00%,0.00%,0.00%,0.00%,0.00%,0.00%,20.00%,12.50%,28.60%,0.00%,12.00%,0.00%,0.00%,0.00%,0.00%
Zizic A.,Maccabi Tel Aviv BC,Real Madrid,Euroleague,2021-2022,02/12/2021,13,REGULAR SEASON,A,L,23,10,5,6,83.30%,0,0,0.00%,5,6,83.30%,0,0,0.00%,2,1,3,0,1,2,3,2,0,-13,7,14.90%,1.429,81,111.9,-30.9,141.5,95.9,45.6,83.30%,83.30%,0.00%,0,85.70%,1.67,0.00%,0,0.00%,0,0.00%,0,0.00%,14.30%,0.00%,14.30%,0.00%,0.00%,0.00%,0.00%,0.00%,10.00%,20.00%,0.00%,0.00%,4.50%,0.00%,12.50%,0.00%,7.10%,4.80%,7.10%,6.90%,7.70%
Zizic A.,Maccabi Tel Aviv BC,ALBA Berlin,Euroleague,2021-2022,25/11/2021,12,REGULAR SEASON,A,L,26,17,8,10,80.00%,0,0,0.00%,8,10,80.00%,1,2,50.00%,4,2,6,0,3,1,0,3,2,-6,14,25.90%,1.214,110.2,120,-9.8,112,116.8,-4.8,80.00%,77.30%,57.10%,1.75,14.30%,1,0.00%,0,0.00%,0,0.00%,0,7.10%,21.40%,7.10%,14.30%,0.00%,0.00%,0.00%,0.00%,0.00%,19.00%,15.40%,25.00%,0.00%,13.30%,14.30%,12.50%,0.00%,16.70%,2.00%,0.00%,0.00%,0.00%
Zizic A.,Maccabi Tel Aviv BC,Olympiacos Piraeus,Euroleague,2021-2022,19/11/2021,11,REGULAR SEASON,A,L,16,9,3,7,42.90%,0,0,0.00%,3,7,42.90%,3,4,75.00%,4,0,4,0,0,0,0,0,2,-23,9,23.10%,1,76.7,148.4,-71.7,115,144.3,-29.3,42.90%,50.00%,22.20%,1,55.60%,0.8,0.00%,0,0.00%,0,0.00%,0,22.20%,0.00%,0.00%,0.00%,0.00%,0.00%,0.00%,0.00%,0.00%,18.20%,10.00%,27.30%,0.00%,0.00%,0.00%,0.00%,0.00%,12.50%,0.00%,0.00%,0.00%,0.00%
Zizic A.,Maccabi Tel Aviv BC,AS Monaco Basket,Euroleague,2021-2022,17/11/2021,10,REGULAR SEASON,H,W,24,14,3,6,50.00%,0,0,0.00%,3,6,50.00%,8,10,80.00%,3,8,11,0,2,0,0,3,7,16,13,25.00%,1.077,134,100,34,109.2,83.8,25.4,50.00%,63.60%,15.40%,2,30.80%,0.5,0.00%,0,0.00%,0,0.00%,0,38.50%,15.40%,7.70%,7.70%,0.00%,0.00%,0.00%,0.00%,0.00%,15.80%,18.20%,0.00%,0.00%,24.20%,23.80%,27.30%,0.00%,21.20%,0.00%,0.00%,0.00%,0.00%
Zizic A.,Maccabi Tel Aviv BC,PBC CSKA Moscow,Euroleague,2021-2022,11/11/2021,9,REGULAR SEASON,A,L,28,16,6,11,54.50%,0,0,0.00%,6,11,54.50%,4,7,57.10%,3,3,6,2,0,1,2,0,7,12,14,25.00%,1.143,106,85.4,20.6,124,79.2,44.8,54.50%,57.10%,42.90%,1.67,35.70%,0.4,0.00%,0,0.00%,0,0.00%,0,21.40%,0.00%,0.00%,0.00%,11.10%,15.40%,0.00%,0.00%,18.20%,13.00%,21.40%,0.00%,0.00%,11.10%,5.90%,11.10%,0.00%,12.00%,2.10%,4.30%,5.90%,0.00%
Zizic A.,Maccabi Tel Aviv BC,Baskonia Vitoria-Gasteiz,Euroleague,2021-2022,05/11/2021,8,REGULAR SEASON,A,W,22,16,6,7,85.70%,0,0,0.00%,6,7,85.70%,4,4,100.00%,3,1,4,1,3,1,1,1,3,13,11,23.90%,1.455,120.5,87.2,33.3,144.8,80.9,63.9,85.70%,100.00%,18.20%,2,45.50%,1.6,0.00%,0,0.00%,0,0.00%,0,9.10%,27.30%,18.20%,9.10%,7.10%,12.50%,0.00%,0.00%,10.00%,15.80%,22.20%,11.10%,0.00%,5.00%,8.30%,0.00%,0.00%,10.30%,2.60%,3.00%,4.30%,0.00%
Zizic A.,Maccabi Tel Aviv BC,FC Barcelona,Euroleague,2021-2022,28/10/2021,7,REGULAR SEASON,H,W,19,10,5,7,71.40%,0,0,0.00%,5,7,71.40%,0,0,0.00%,2,2,4,1,0,0,0,0,3,6,7,18.40%,1.429,131.3,116.1,15.2,158.9,113.5,45.4,71.40%,71.40%,42.90%,2,57.10%,1,0.00%,0,0.00%,0,0.00%,0,0.00%,0.00%,0.00%,0.00%,7.10%,12.50%,0.00%,0.00%,10.00%,13.30%,12.50%,16.70%,0.00%,16.70%,20.00%,14.30%,0.00%,14.80%,0.00%,0.00%,0.00%,0.00%
Zizic A.,Maccabi Tel Aviv BC,BC Zalgiris,Euroleague,2021-2022,26/10/2021,6,REGULAR SEASON,H,W,18,14,7,10,70.00%,0,0,0.00%,7,10,70.00%,0,0,0.00%,3,6,9,0,1,0,1,1,1,12,11,28.90%,1.273,106.1,69.7,36.4,124.1,64.5,59.6,70.00%,70.00%,27.30%,2,54.50%,1,9.10%,2,0.00%,0,0.00%,0,0.00%,9.10%,9.10%,0.00%,0.00%,0.00%,0.00%,0.00%,0.00%,17.60%,18.20%,16.70%,0.00%,35.30%,42.90%,33.30%,0.00%,26.50%,0.00%,3.70%,0.00%,0.00%
Zizic A.,Maccabi Tel Aviv BC,Panathinaikos Athlitikos Omilos,Euroleague,2021-2022,21/10/2021,5,REGULAR SEASON,H,W,10,6,3,5,60.00%,0,0,0.00%,3,5,60.00%,0,0,0.00%,1,1,2,1,1,0,1,2,1,3,6,35.30%,1,120,93.8,26.2,78.1,89.5,-11.4,60.00%,60.00%,33.30%,2,33.30%,1,16.70%,0,0.00%,0,0.00%,0,0.00%,16.70%,0.00%,16.70%,40.00%,0.00%,0.00%,66.70%,10.00%,16.70%,0.00%,0.00%,0.00%,9.10%,12.50%,0.00%,0.00%,11.80%,0.00%,6.70%,0.00%,0.00%
